feature,correlation_with_popularity
loudness,0.07167596317980704
danceability,0.06428055078013968
energy,0.01372846778069704
tempo,0.0072702485216742
valence,-0.011525989623672798
liveness,-0.013843882115420097
acousticness,-0.03884665953306149
speechiness,-0.047081282508642935
instrumentalness,-0.12746532742450267
