track_genre,danceability,energy,valence,acousticness,tempo
classical,0.3819228,0.189827326,0.38105,0.9200489485,107.949793
hip-hop,0.736154,0.68253,0.5512478,0.19417496299999998,116.769582
jazz,0.5099750000000001,0.35295443,0.490289,0.715815707,112.63646899999999
metal,0.46428800000000003,0.840273,0.4179356,0.037084863339999996,127.907465
pop,0.630441,0.606437,0.5062227,0.34369250999999995,120.92707300000001
rock,0.543609,0.6790711,0.5389026,0.20924166109999998,126.321238
